Timestamp,Command
1701057688154,KNOCK:1670
1701057688221,KNOCK:1496
1701057689120,KNOCK:2069
1701057689135,KNOCK:1616
1701057691990,KNOCK:2088
1701057692805,KNOCK:1767
1701057693958,KNOCK:1970
1701057694023,KNOCK:1744
1701057694725,KNOCK:1755
1701057698992,KNOCK:1892
1701057699044,KNOCK:1528
1701057700209,KNOCK:1719
1701057700212,KNOCK:1328
1701057700225,KNOCK:1616
1701057700427,KNOCK:1760
1701057700428,KNOCK:1520
1701057700442,KNOCK:1456
1701057700443,KNOCK:1376
1701057700558,KNOCK:1722
1701057700910,KNOCK:1702
1701057701093,KNOCK:1568
1701057701694,KNOCK:1804
1701057701811,KNOCK:2250
1701057701813,KNOCK:1328
1701057702276,KNOCK:1550
1701057702929,KNOCK:1864
1701057703042,KNOCK:1445
1701057703195,KNOCK:1856
1701057703197,KNOCK:1568
1701057703210,KNOCK:1600
1701057703212,KNOCK:2240
1701057703226,KNOCK:1504
1701057703227,KNOCK:2048
1701057703429,KNOCK:1804
1701057703895,KNOCK:1964
1701057704297,KNOCK:1608
1701057704359,KNOCK:1656
1701057705362,KNOCK:2003
1701057705378,KNOCK:1520
1701057705380,KNOCK:1344
1701057705395,KNOCK:1360
1701057706062,KNOCK:1821
1701057706463,KNOCK:2001
1701057706528,KNOCK:1776
1701057706629,KNOCK:1909
1701057707082,KNOCK:1635
1701057707195,KNOCK:2133
1701057707848,KNOCK:1864
1701057707912,KNOCK:1912
1701057707964,KNOCK:1496
1701057708129,KNOCK:1772
1701057710232,KNOCK:2057
1701057710234,KNOCK:1344
1701057710647,KNOCK:1740
1701057711199,KNOCK:2000
1701057711313,KNOCK:1552
1701057711915,KNOCK:1960
1701057715934,KNOCK:1941
1701057715949,KNOCK:1408
1701057715967,KNOCK:1344
1701057716168,KNOCK:1856
1701057716685,KNOCK:2090
1701057716736,KNOCK:1464
1701057717250,KNOCK:1742
1701057717253,KNOCK:1360
1701057717334,KNOCK:1904
1701057717986,KNOCK:1962
1701057717988,KNOCK:1328
1701057718051,KNOCK:1432
1701057719003,KNOCK:2004
1701057719220,KNOCK:2057
1701057719471,KNOCK:1581
1701057719484,KNOCK:1824
1701057720738,KNOCK:1924
1701057720903,KNOCK:1876
1701057722455,KNOCK:1980
1701057723721,KNOCK:2037
1701057723738,KNOCK:1680
1701057723904,KNOCK:1764
1701057723920,KNOCK:1696
1701057726072,KNOCK:2031
1701057726538,KNOCK:2072
1701057726553,KNOCK:1600
1701057729957,KNOCK:1997
1701057729971,KNOCK:1504
1701057732124,KNOCK:1943
1701057732489,KNOCK:1882
1701057734193,KNOCK:1808
1701057734706,KNOCK:1594
1701057734957,KNOCK:1936
1701057737175,KNOCK:1896
1701057738491,KNOCK:1795
1701057738993,KNOCK:1688
1701057739056,KNOCK:1760
1701057739107,KNOCK:1544
1701057739160,KNOCK:1704
1701057739272,KNOCK:1584
1701057739374,KNOCK:1738
1701057739525,KNOCK:1600
1701057739839,KNOCK:1622
1701057740242,KNOCK:1968
1701057740256,KNOCK:1824
1701057740307,KNOCK:1512
1701057740459,KNOCK:1848
1701057740773,KNOCK:1673
1701057741125,KNOCK:1786
1701057742392,KNOCK:1886
1701057742407,KNOCK:1488
1701057742457,KNOCK:1608
1701057742459,KNOCK:1584
1701057742623,KNOCK:1884
1701057743126,KNOCK:1632
1701057743139,KNOCK:1424
1701057743692,KNOCK:1897
1701057743693,KNOCK:2000
1701057743706,KNOCK:1488
1701057744158,KNOCK:1825
1701057744324,KNOCK:2072
1701057744375,KNOCK:2080
1701057744539,KNOCK:1552
1701057745393,KNOCK:1904
1701057745406,KNOCK:1632
1701057745759,KNOCK:1848
1701057745924,KNOCK:1952
1701057746690,KNOCK:1902
1701057747293,KNOCK:1761
1701057747706,KNOCK:1781
1701057747708,KNOCK:2368
1701057748925,KNOCK:1969
1701057748989,KNOCK:1464
1701057750742,KNOCK:1920
1701057753959,KNOCK:1832
1701057753974,KNOCK:2080
1701057754926,KNOCK:1728
1701057755039,KNOCK:1509
1701057756191,KNOCK:1995
1701057756206,KNOCK:1376
1701057758459,KNOCK:1800
1701057758573,KNOCK:2074
1701057759826,KNOCK:1923
1701057759839,KNOCK:1856
1701057759840,KNOCK:1856
1701057760093,KNOCK:1776
1701057763159,KNOCK:1909
1701057763223,KNOCK:1440
1701057763324,KNOCK:1994
1701057763525,KNOCK:1728
1701057763589,KNOCK:1648
1701057763741,KNOCK:1976
1701057763792,KNOCK:1800
1701057763857,KNOCK:1744
1701057764007,KNOCK:1912
1701057764159,KNOCK:1600
1701057764373,KNOCK:1929
1701057765375,KNOCK:1882
1701057766290,KNOCK:1826
1701057767393,KNOCK:1851
1701057768908,KNOCK:1837
1701057768972,KNOCK:1520
1701057768973,KNOCK:1632
1701057769025,KNOCK:1656
1701057771942,KNOCK:1919
1701057773108,KNOCK:1908
1701057773109,KNOCK:1376
1701057773774,KNOCK:1875
1701057773942,KNOCK:1800
1701057773943,KNOCK:1344
1701057773957,KNOCK:1344
1701057773958,KNOCK:1680
1701057774009,KNOCK:1456
1701057774324,KNOCK:1833
1701057774326,KNOCK:1536
1701057774390,KNOCK:1960
1701057774541,KNOCK:2124
1701057774543,KNOCK:1344
1701057774857,KNOCK:1634
1701057774908,KNOCK:1896
1701057775123,KNOCK:1417
1701057775925,KNOCK:1840
1701057775926,KNOCK:1744
1701057775938,KNOCK:1312
1701057776040,KNOCK:1930
1701057776093,KNOCK:1448
1701057776207,KNOCK:1610
1701057776308,KNOCK:2149
1701057776424,KNOCK:1552
1701057776525,KNOCK:2026
1701057776540,KNOCK:1440
1701057776691,KNOCK:1872
1701057776756,KNOCK:1416
1701057777458,KNOCK:1803
1701057777510,KNOCK:1552
1701057777523,KNOCK:1792
1701057777624,KNOCK:1861
1701057777626,KNOCK:1376
1701057777639,KNOCK:1536
1701057777656,KNOCK:1440
1701057777907,KNOCK:1794
1701057777973,KNOCK:1632
1701057777975,KNOCK:2016
1701057777991,KNOCK:2048
1701057778006,KNOCK:1856
1701057778224,KNOCK:1846
1701057778326,KNOCK:1760
1701057778540,KNOCK:1875
1701057778893,KNOCK:1938
1701057778957,KNOCK:1928
1701057779059,KNOCK:1973
1701057779273,KNOCK:1510
1701057779425,KNOCK:1884
1701057779477,KNOCK:1752
1701057779539,KNOCK:1448
1701057781793,KNOCK:1882
1701057783708,KNOCK:1916
1701057783723,KNOCK:1856
1701057784191,KNOCK:1547
1701057784842,KNOCK:1862
1701057784856,KNOCK:1472
1701057784908,KNOCK:1672
1701057784976,KNOCK:1360
1701057785591,KNOCK:2067
1701057785707,KNOCK:1808
1701057787560,KNOCK:1917
1701057787574,KNOCK:2112
1701057787576,KNOCK:1712
1701057787590,KNOCK:1472
1701057787842,KNOCK:1938
1701057787894,KNOCK:1384
1701057789259,KNOCK:1950
1701057790275,KNOCK:1822
1701057791027,KNOCK:1831
1701057791040,KNOCK:1616
1701057791993,KNOCK:1969
1701057792095,KNOCK:1658
1701057793158,KNOCK:1645
1701057793861,KNOCK:1956
1701057793925,KNOCK:1808
1701057794327,KNOCK:1969
1701057794379,KNOCK:1424
1701057794391,KNOCK:1328
1701057794443,KNOCK:1680
1701057795394,KNOCK:1807
1701057795810,KNOCK:1788
1701057795961,KNOCK:2084
1701057796426,KNOCK:1683
1701057797528,KNOCK:1929
1701057797943,KNOCK:1907
1701057798845,KNOCK:1686
1701057799661,KNOCK:1824
1701057800428,KNOCK:1780
1701057800693,KNOCK:1525
1701057800744,KNOCK:2040
1701057800797,KNOCK:1440
1701057803063,KNOCK:1863
1701057803329,KNOCK:1762
1701057803331,KNOCK:1440
1701057803995,KNOCK:1790
1701057804498,KNOCK:1720
1701057804545,KNOCK:1328
1701057804562,KNOCK:1360
1701057805264,KNOCK:1686
1701057805278,KNOCK:1408
1701057806130,KNOCK:1928
1701057807598,KNOCK:1886
1701057807862,KNOCK:1632
1701057808014,KNOCK:1704
1701057808027,KNOCK:1408
1701057810532,KNOCK:1934
1701057810547,KNOCK:1504
1701057813600,KNOCK:1952
1701057818669,KNOCK:1903
1701057818834,KNOCK:1880
1701057819085,KNOCK:1720
1701057819252,KNOCK:1736
1701057819754,KNOCK:1850
1701057819817,KNOCK:1360
1701057820222,KNOCK:1735
1701057820270,KNOCK:1824
1701057820986,KNOCK:1843
1701057821702,KNOCK:1819
1701057822505,KNOCK:1779
1701057822820,KNOCK:1686
1701057826073,KNOCK:1945
1701057826088,KNOCK:1680
1701057826089,KNOCK:2144
1701057826592,KNOCK:1687
1701057826655,KNOCK:1456
1701057827657,KNOCK:1884
1701057827658,KNOCK:1408
1701057827672,KNOCK:1568
1701057829775,KNOCK:2058
1701057830291,KNOCK:1754
1701057833644,KNOCK:1950
1701057833646,KNOCK:1536
1701057834459,KNOCK:1877
1701057834462,KNOCK:2048
1701057834526,KNOCK:1496
1701057834578,KNOCK:1472
1701057834729,KNOCK:1676
1701057834844,KNOCK:1690
1701057835846,KNOCK:1882
1701057835911,KNOCK:1632
1701057835914,KNOCK:1456
1701057835928,KNOCK:1456
1701057835995,KNOCK:1608
1701057836097,KNOCK:1525
1701057836511,KNOCK:1697
1701057836813,KNOCK:1929
1701057836878,KNOCK:1536
1701057837631,KNOCK:1965
1701057838196,KNOCK:1821
1701057838198,KNOCK:1808
1701057838213,KNOCK:2272
1701057840266,KNOCK:1920
1701057840330,KNOCK:1904
1701057842383,KNOCK:1853
1701057842999,KNOCK:1751
1701057848654,KNOCK:1897
1701057848769,KNOCK:1536
1701057849520,KNOCK:1891
1701057850236,KNOCK:1790
1701057850288,KNOCK:1872
1701057850802,KNOCK:1620
1701057851054,KNOCK:1906
1701057851057,KNOCK:1856
1701057851069,KNOCK:1344
1701057851271,KNOCK:1772
1701057851285,KNOCK:1408
1701057851439,KNOCK:1628
1701057852354,KNOCK:1743
1701057854858,KNOCK:1838
1701057855522,KNOCK:1760
1701057855875,KNOCK:2018
1701057855888,KNOCK:1840
1701057857841,KNOCK:1828
1701057858457,KNOCK:1847
1701057858909,KNOCK:1904
1701057859273,KNOCK:1498
1701057862177,KNOCK:1967
1701057863544,KNOCK:1913
1701057865095,KNOCK:1994
1701057865161,KNOCK:1840
